{
  "config": {
    "intent_classifier_config": {
      "data_augmentation_config": {
        "add_builtin_entities_examples": true,
        "min_utterances": 20,
        "noise_factor": 5,
        "unknown_word_prob": 0,
        "unknown_words_replacement_string": null
      },
      "featurizer_config": {
        "pvalue_threshold": 0.4,
        "sublinear_tf": false,
        "use_stemming": true,
        "word_clusters_name": null
      },
      "random_seed": null,
      "unit_name": "log_reg_intent_classifier"
    },
    "slot_filler_config": {
      "crf_args": {
        "algorithm": "lbfgs",
        "c1": 0.1,
        "c2": 0.1
      },
      "data_augmentation_config": {
        "add_builtin_entities_examples": true,
        "capitalization_ratio": 0.2,
        "min_utterances": 200
      },
      "feature_factory_configs": [
        {
          "args": {
            "common_words_gazetteer_name": "top_10000_words_stemmed",
            "n": 1,
            "use_stemming": true
          },
          "factory_name": "ngram",
          "offsets": [
            -2,
            -1,
            0,
            1,
            2
          ]
        },
        {
          "args": {
            "common_words_gazetteer_name": "top_10000_words_stemmed",
            "n": 2,
            "use_stemming": true
          },
          "factory_name": "ngram",
          "offsets": [
            -2,
            1
          ]
        },
        {
          "args": {},
          "factory_name": "is_digit",
          "offsets": [
            -1,
            0,
            1
          ]
        },
        {
          "args": {},
          "factory_name": "is_first",
          "offsets": [
            -2,
            -1,
            0
          ]
        },
        {
          "args": {},
          "factory_name": "is_last",
          "offsets": [
            0,
            1,
            2
          ]
        },
        {
          "args": {
            "n": 1
          },
          "factory_name": "shape_ngram",
          "offsets": [
            0
          ]
        },
        {
          "args": {
            "n": 2
          },
          "factory_name": "shape_ngram",
          "offsets": [
            -1,
            0
          ]
        },
        {
          "args": {
            "n": 3
          },
          "factory_name": "shape_ngram",
          "offsets": [
            -1
          ]
        },
        {
          "args": {
            "tagging_scheme_code": 2,
            "use_stemming": true
          },
          "drop_out": 0.5,
          "factory_name": "entity_match",
          "offsets": [
            -2,
            -1,
            0
          ]
        },
        {
          "args": {
            "tagging_scheme_code": 1
          },
          "factory_name": "builtin_entity_match",
          "offsets": [
            -2,
            -1,
            0
          ]
        },
        {
          "args": {
            "cluster_name": "brown_clusters",
            "use_stemming": false
          },
          "factory_name": "word_cluster",
          "offsets": [
            -2,
            -1,
            0,
            1
          ]
        }
      ],
      "random_seed": null,
      "tagging_scheme": 1,
      "unit_name": "crf_slot_filler"
    },
    "unit_name": "probabilistic_intent_parser"
  },
  "slot_fillers": [
    {
      "intent": "140",
      "slot_filler_name": "slot_filler_0"
    },
    {
      "intent": "180",
      "slot_filler_name": "slot_filler_1"
    },
    {
      "intent": "196",
      "slot_filler_name": "slot_filler_2"
    },
    {
      "intent": "203",
      "slot_filler_name": "slot_filler_3"
    },
    {
      "intent": "222",
      "slot_filler_name": "slot_filler_4"
    },
    {
      "intent": "236",
      "slot_filler_name": "slot_filler_5"
    },
    {
      "intent": "249",
      "slot_filler_name": "slot_filler_6"
    },
    {
      "intent": "302",
      "slot_filler_name": "slot_filler_7"
    },
    {
      "intent": "304",
      "slot_filler_name": "slot_filler_8"
    },
    {
      "intent": "305",
      "slot_filler_name": "slot_filler_9"
    },
    {
      "intent": "306",
      "slot_filler_name": "slot_filler_10"
    },
    {
      "intent": "308",
      "slot_filler_name": "slot_filler_11"
    },
    {
      "intent": "309",
      "slot_filler_name": "slot_filler_12"
    },
    {
      "intent": "310",
      "slot_filler_name": "slot_filler_13"
    },
    {
      "intent": "311",
      "slot_filler_name": "slot_filler_14"
    },
    {
      "intent": "312",
      "slot_filler_name": "slot_filler_15"
    },
    {
      "intent": "313",
      "slot_filler_name": "slot_filler_16"
    },
    {
      "intent": "314",
      "slot_filler_name": "slot_filler_17"
    },
    {
      "intent": "315",
      "slot_filler_name": "slot_filler_18"
    },
    {
      "intent": "317",
      "slot_filler_name": "slot_filler_19"
    },
    {
      "intent": "318",
      "slot_filler_name": "slot_filler_20"
    },
    {
      "intent": "321",
      "slot_filler_name": "slot_filler_21"
    },
    {
      "intent": "322",
      "slot_filler_name": "slot_filler_22"
    },
    {
      "intent": "323",
      "slot_filler_name": "slot_filler_23"
    },
    {
      "intent": "324",
      "slot_filler_name": "slot_filler_24"
    },
    {
      "intent": "326",
      "slot_filler_name": "slot_filler_25"
    },
    {
      "intent": "328",
      "slot_filler_name": "slot_filler_26"
    },
    {
      "intent": "329",
      "slot_filler_name": "slot_filler_27"
    },
    {
      "intent": "331",
      "slot_filler_name": "slot_filler_28"
    },
    {
      "intent": "337",
      "slot_filler_name": "slot_filler_29"
    },
    {
      "intent": "339",
      "slot_filler_name": "slot_filler_30"
    },
    {
      "intent": "344",
      "slot_filler_name": "slot_filler_31"
    },
    {
      "intent": "349",
      "slot_filler_name": "slot_filler_32"
    },
    {
      "intent": "351",
      "slot_filler_name": "slot_filler_33"
    },
    {
      "intent": "352",
      "slot_filler_name": "slot_filler_34"
    },
    {
      "intent": "353",
      "slot_filler_name": "slot_filler_35"
    },
    {
      "intent": "372",
      "slot_filler_name": "slot_filler_36"
    },
    {
      "intent": "373",
      "slot_filler_name": "slot_filler_37"
    },
    {
      "intent": "374",
      "slot_filler_name": "slot_filler_38"
    },
    {
      "intent": "375",
      "slot_filler_name": "slot_filler_39"
    },
    {
      "intent": "376",
      "slot_filler_name": "slot_filler_40"
    },
    {
      "intent": "377",
      "slot_filler_name": "slot_filler_41"
    },
    {
      "intent": "378",
      "slot_filler_name": "slot_filler_42"
    },
    {
      "intent": "381",
      "slot_filler_name": "slot_filler_43"
    },
    {
      "intent": "382",
      "slot_filler_name": "slot_filler_44"
    },
    {
      "intent": "383",
      "slot_filler_name": "slot_filler_45"
    },
    {
      "intent": "384",
      "slot_filler_name": "slot_filler_46"
    },
    {
      "intent": "385",
      "slot_filler_name": "slot_filler_47"
    },
    {
      "intent": "386",
      "slot_filler_name": "slot_filler_48"
    },
    {
      "intent": "387",
      "slot_filler_name": "slot_filler_49"
    },
    {
      "intent": "388",
      "slot_filler_name": "slot_filler_50"
    },
    {
      "intent": "389",
      "slot_filler_name": "slot_filler_51"
    },
    {
      "intent": "390",
      "slot_filler_name": "slot_filler_52"
    },
    {
      "intent": "391",
      "slot_filler_name": "slot_filler_53"
    },
    {
      "intent": "392",
      "slot_filler_name": "slot_filler_54"
    },
    {
      "intent": "393",
      "slot_filler_name": "slot_filler_55"
    },
    {
      "intent": "394",
      "slot_filler_name": "slot_filler_56"
    },
    {
      "intent": "395",
      "slot_filler_name": "slot_filler_57"
    },
    {
      "intent": "396",
      "slot_filler_name": "slot_filler_58"
    },
    {
      "intent": "397",
      "slot_filler_name": "slot_filler_59"
    },
    {
      "intent": "398",
      "slot_filler_name": "slot_filler_60"
    },
    {
      "intent": "399",
      "slot_filler_name": "slot_filler_61"
    },
    {
      "intent": "400",
      "slot_filler_name": "slot_filler_62"
    },
    {
      "intent": "401",
      "slot_filler_name": "slot_filler_63"
    },
    {
      "intent": "402",
      "slot_filler_name": "slot_filler_64"
    },
    {
      "intent": "403",
      "slot_filler_name": "slot_filler_65"
    },
    {
      "intent": "404",
      "slot_filler_name": "slot_filler_66"
    },
    {
      "intent": "405",
      "slot_filler_name": "slot_filler_67"
    },
    {
      "intent": "407",
      "slot_filler_name": "slot_filler_68"
    },
    {
      "intent": "415",
      "slot_filler_name": "slot_filler_69"
    },
    {
      "intent": "416",
      "slot_filler_name": "slot_filler_70"
    },
    {
      "intent": "417",
      "slot_filler_name": "slot_filler_71"
    },
    {
      "intent": "418",
      "slot_filler_name": "slot_filler_72"
    },
    {
      "intent": "419",
      "slot_filler_name": "slot_filler_73"
    },
    {
      "intent": "420",
      "slot_filler_name": "slot_filler_74"
    },
    {
      "intent": "421",
      "slot_filler_name": "slot_filler_75"
    },
    {
      "intent": "422",
      "slot_filler_name": "slot_filler_76"
    },
    {
      "intent": "423",
      "slot_filler_name": "slot_filler_77"
    },
    {
      "intent": "427",
      "slot_filler_name": "slot_filler_78"
    },
    {
      "intent": "428",
      "slot_filler_name": "slot_filler_79"
    },
    {
      "intent": "429",
      "slot_filler_name": "slot_filler_80"
    },
    {
      "intent": "434",
      "slot_filler_name": "slot_filler_81"
    },
    {
      "intent": "442",
      "slot_filler_name": "slot_filler_82"
    },
    {
      "intent": "443",
      "slot_filler_name": "slot_filler_83"
    },
    {
      "intent": "444",
      "slot_filler_name": "slot_filler_84"
    },
    {
      "intent": "446",
      "slot_filler_name": "slot_filler_85"
    },
    {
      "intent": "449",
      "slot_filler_name": "slot_filler_86"
    },
    {
      "intent": "451",
      "slot_filler_name": "slot_filler_87"
    },
    {
      "intent": "452",
      "slot_filler_name": "slot_filler_88"
    },
    {
      "intent": "454",
      "slot_filler_name": "slot_filler_89"
    },
    {
      "intent": "456",
      "slot_filler_name": "slot_filler_90"
    },
    {
      "intent": "457",
      "slot_filler_name": "slot_filler_91"
    },
    {
      "intent": "458",
      "slot_filler_name": "slot_filler_92"
    },
    {
      "intent": "459",
      "slot_filler_name": "slot_filler_93"
    },
    {
      "intent": "460",
      "slot_filler_name": "slot_filler_94"
    },
    {
      "intent": "461",
      "slot_filler_name": "slot_filler_95"
    },
    {
      "intent": "462",
      "slot_filler_name": "slot_filler_96"
    },
    {
      "intent": "463",
      "slot_filler_name": "slot_filler_97"
    },
    {
      "intent": "464",
      "slot_filler_name": "slot_filler_98"
    },
    {
      "intent": "465",
      "slot_filler_name": "slot_filler_99"
    },
    {
      "intent": "467",
      "slot_filler_name": "slot_filler_100"
    },
    {
      "intent": "468",
      "slot_filler_name": "slot_filler_101"
    },
    {
      "intent": "469",
      "slot_filler_name": "slot_filler_102"
    },
    {
      "intent": "473",
      "slot_filler_name": "slot_filler_103"
    },
    {
      "intent": "474",
      "slot_filler_name": "slot_filler_104"
    },
    {
      "intent": "476",
      "slot_filler_name": "slot_filler_105"
    },
    {
      "intent": "477",
      "slot_filler_name": "slot_filler_106"
    },
    {
      "intent": "478",
      "slot_filler_name": "slot_filler_107"
    },
    {
      "intent": "489",
      "slot_filler_name": "slot_filler_108"
    },
    {
      "intent": "498",
      "slot_filler_name": "slot_filler_109"
    },
    {
      "intent": "499",
      "slot_filler_name": "slot_filler_110"
    },
    {
      "intent": "500",
      "slot_filler_name": "slot_filler_111"
    },
    {
      "intent": "501",
      "slot_filler_name": "slot_filler_112"
    },
    {
      "intent": "504",
      "slot_filler_name": "slot_filler_113"
    },
    {
      "intent": "506",
      "slot_filler_name": "slot_filler_114"
    },
    {
      "intent": "507",
      "slot_filler_name": "slot_filler_115"
    },
    {
      "intent": "508",
      "slot_filler_name": "slot_filler_116"
    },
    {
      "intent": "509",
      "slot_filler_name": "slot_filler_117"
    },
    {
      "intent": "510",
      "slot_filler_name": "slot_filler_118"
    },
    {
      "intent": "511",
      "slot_filler_name": "slot_filler_119"
    },
    {
      "intent": "512",
      "slot_filler_name": "slot_filler_120"
    },
    {
      "intent": "513",
      "slot_filler_name": "slot_filler_121"
    },
    {
      "intent": "514",
      "slot_filler_name": "slot_filler_122"
    },
    {
      "intent": "515",
      "slot_filler_name": "slot_filler_123"
    },
    {
      "intent": "516",
      "slot_filler_name": "slot_filler_124"
    },
    {
      "intent": "517",
      "slot_filler_name": "slot_filler_125"
    },
    {
      "intent": "518",
      "slot_filler_name": "slot_filler_126"
    },
    {
      "intent": "519",
      "slot_filler_name": "slot_filler_127"
    },
    {
      "intent": "520",
      "slot_filler_name": "slot_filler_128"
    },
    {
      "intent": "521",
      "slot_filler_name": "slot_filler_129"
    },
    {
      "intent": "522",
      "slot_filler_name": "slot_filler_130"
    },
    {
      "intent": "523",
      "slot_filler_name": "slot_filler_131"
    },
    {
      "intent": "524",
      "slot_filler_name": "slot_filler_132"
    },
    {
      "intent": "525",
      "slot_filler_name": "slot_filler_133"
    },
    {
      "intent": "526",
      "slot_filler_name": "slot_filler_134"
    },
    {
      "intent": "527",
      "slot_filler_name": "slot_filler_135"
    },
    {
      "intent": "528",
      "slot_filler_name": "slot_filler_136"
    },
    {
      "intent": "533",
      "slot_filler_name": "slot_filler_137"
    },
    {
      "intent": "541",
      "slot_filler_name": "slot_filler_138"
    },
    {
      "intent": "542",
      "slot_filler_name": "slot_filler_139"
    },
    {
      "intent": "543",
      "slot_filler_name": "slot_filler_140"
    },
    {
      "intent": "544",
      "slot_filler_name": "slot_filler_141"
    },
    {
      "intent": "545",
      "slot_filler_name": "slot_filler_142"
    },
    {
      "intent": "546",
      "slot_filler_name": "slot_filler_143"
    },
    {
      "intent": "547",
      "slot_filler_name": "slot_filler_144"
    },
    {
      "intent": "598",
      "slot_filler_name": "slot_filler_145"
    }
  ]
}