{
  "builtin_entity_parser": "builtin_entity_parser",
  "config": {
    "intent_parsers_configs": [
      {
        "max_pattern_length": 1000,
        "max_queries": 100,
        "unit_name": "deterministic_intent_parser"
      },
      {
        "intent_classifier_config": {
          "data_augmentation_config": {
            "add_builtin_entities_examples": true,
            "min_utterances": 20,
            "noise_factor": 5,
            "unknown_word_prob": 0,
            "unknown_words_replacement_string": null
          },
          "featurizer_config": {
            "pvalue_threshold": 0.4,
            "sublinear_tf": false,
            "use_stemming": true,
            "word_clusters_name": null
          },
          "random_seed": null,
          "unit_name": "log_reg_intent_classifier"
        },
        "slot_filler_config": {
          "crf_args": {
            "algorithm": "lbfgs",
            "c1": 0.1,
            "c2": 0.1
          },
          "data_augmentation_config": {
            "add_builtin_entities_examples": true,
            "capitalization_ratio": 0.2,
            "min_utterances": 200
          },
          "feature_factory_configs": [
            {
              "args": {
                "common_words_gazetteer_name": "top_10000_words_stemmed",
                "n": 1,
                "use_stemming": true
              },
              "factory_name": "ngram",
              "offsets": [
                -2,
                -1,
                0,
                1,
                2
              ]
            },
            {
              "args": {
                "common_words_gazetteer_name": "top_10000_words_stemmed",
                "n": 2,
                "use_stemming": true
              },
              "factory_name": "ngram",
              "offsets": [
                -2,
                1
              ]
            },
            {
              "args": {},
              "factory_name": "is_digit",
              "offsets": [
                -1,
                0,
                1
              ]
            },
            {
              "args": {},
              "factory_name": "is_first",
              "offsets": [
                -2,
                -1,
                0
              ]
            },
            {
              "args": {},
              "factory_name": "is_last",
              "offsets": [
                0,
                1,
                2
              ]
            },
            {
              "args": {
                "n": 1
              },
              "factory_name": "shape_ngram",
              "offsets": [
                0
              ]
            },
            {
              "args": {
                "n": 2
              },
              "factory_name": "shape_ngram",
              "offsets": [
                -1,
                0
              ]
            },
            {
              "args": {
                "n": 3
              },
              "factory_name": "shape_ngram",
              "offsets": [
                -1
              ]
            },
            {
              "args": {
                "tagging_scheme_code": 2,
                "use_stemming": true
              },
              "drop_out": 0.5,
              "factory_name": "entity_match",
              "offsets": [
                -2,
                -1,
                0
              ]
            },
            {
              "args": {
                "tagging_scheme_code": 1
              },
              "factory_name": "builtin_entity_match",
              "offsets": [
                -2,
                -1,
                0
              ]
            },
            {
              "args": {
                "cluster_name": "brown_clusters",
                "use_stemming": false
              },
              "factory_name": "word_cluster",
              "offsets": [
                -2,
                -1,
                0,
                1
              ]
            }
          ],
          "random_seed": null,
          "tagging_scheme": 1,
          "unit_name": "crf_slot_filler"
        },
        "unit_name": "probabilistic_intent_parser"
      }
    ],
    "unit_name": "nlu_engine"
  },
  "custom_entity_parser": "custom_entity_parser",
  "dataset_metadata": {
    "entities": {},
    "language_code": "en",
    "slot_name_mappings": {
      "140": {},
      "180": {},
      "196": {},
      "203": {},
      "222": {},
      "236": {},
      "249": {},
      "302": {},
      "304": {},
      "305": {},
      "306": {},
      "308": {},
      "309": {},
      "310": {},
      "311": {},
      "312": {},
      "313": {},
      "314": {},
      "315": {},
      "317": {},
      "318": {},
      "321": {},
      "322": {},
      "323": {},
      "324": {},
      "326": {},
      "328": {},
      "329": {},
      "331": {},
      "337": {},
      "339": {},
      "344": {},
      "349": {},
      "351": {},
      "352": {},
      "353": {},
      "372": {},
      "373": {},
      "374": {},
      "375": {},
      "376": {},
      "377": {},
      "378": {},
      "381": {},
      "382": {},
      "383": {},
      "384": {},
      "385": {},
      "386": {},
      "387": {},
      "388": {},
      "389": {},
      "390": {},
      "391": {},
      "392": {},
      "393": {},
      "394": {},
      "395": {},
      "396": {},
      "397": {},
      "398": {},
      "399": {},
      "400": {},
      "401": {},
      "402": {},
      "403": {},
      "404": {},
      "405": {},
      "407": {},
      "415": {},
      "416": {},
      "417": {},
      "418": {},
      "419": {},
      "420": {},
      "421": {},
      "422": {},
      "423": {},
      "427": {},
      "428": {},
      "429": {},
      "434": {},
      "442": {},
      "443": {},
      "444": {},
      "446": {},
      "449": {},
      "451": {},
      "452": {},
      "454": {},
      "456": {},
      "457": {},
      "458": {},
      "459": {},
      "460": {},
      "461": {},
      "462": {},
      "463": {},
      "464": {},
      "465": {},
      "467": {},
      "468": {},
      "469": {},
      "473": {},
      "474": {},
      "476": {},
      "477": {},
      "478": {},
      "489": {},
      "498": {},
      "499": {},
      "500": {},
      "501": {},
      "504": {},
      "506": {},
      "507": {},
      "508": {},
      "509": {},
      "510": {},
      "511": {},
      "512": {},
      "513": {},
      "514": {},
      "515": {},
      "516": {},
      "517": {},
      "518": {},
      "519": {},
      "520": {},
      "521": {},
      "522": {},
      "523": {},
      "524": {},
      "525": {},
      "526": {},
      "527": {},
      "528": {},
      "533": {},
      "541": {},
      "542": {},
      "543": {},
      "544": {},
      "545": {},
      "546": {},
      "547": {},
      "598": {}
    }
  },
  "intent_parsers": [
    "deterministic_intent_parser",
    "probabilistic_intent_parser"
  ],
  "model_version": "0.17.0",
  "training_package_version": "0.17.3",
  "unit_name": "nlu_engine"
}